po_id,customer_id,po_date,po_difficulty_level,group_key,split,temporal_split,is_temporal_holdout
PO00001,CUST0082,2026-06-20,hard,PO00001,validation,train_temporal,N
PO00002,CUST0096,2026-05-18,exception,PO00002,test,train_temporal,N
PO00003,CUST0118,2026-07-12,medium,PO00003,test,train_temporal,N
PO00004,CUST0066,2026-06-13,hard,PO00004,train,train_temporal,N
PO00005,CUST0007,2026-04-16,medium,PO00005,validation,train_temporal,N
PO00006,CUST0117,2026-04-14,medium,PO00006,train,train_temporal,N
PO00007,CUST0038,2026-08-16,hard,PO00007,test,test_temporal,Y
PO00008,CUST0038,2026-05-18,exception,PO00008,train,train_temporal,N
PO00009,CUST0030,2026-06-18,medium,PO00009,train,train_temporal,N
PO00010,CUST0098,2026-05-15,exception,PO00010,test,train_temporal,N
PO00011,CUST0056,2026-05-12,hard,PO00011,validation,train_temporal,N
PO00012,CUST0105,2026-04-01,hard,PO00012,validation,train_temporal,N
PO00013,CUST0034,2026-05-08,hard,PO00013,train,train_temporal,N
PO00014,CUST0081,2026-05-24,easy,PO00014,train,train_temporal,N
PO00015,CUST0062,2026-06-01,hard,PO00015,train,train_temporal,N
PO00016,CUST0136,2026-04-19,exception,PO00016,validation,train_temporal,N
PO00017,CUST0071,2026-04-01,hard,PO00017,train,train_temporal,N
PO00018,CUST0056,2026-07-06,exception,PO00018,validation,train_temporal,N
PO00019,CUST0092,2026-05-23,easy,PO00019,train,train_temporal,N
PO00020,CUST0014,2026-07-26,hard,PO00020,train,train_temporal,N
PO00021,CUST0090,2026-05-16,exception,PO00021,train,train_temporal,N
PO00022,CUST0003,2026-08-16,hard,PO00022,train,test_temporal,Y
PO00023,CUST0089,2026-07-31,hard,PO00023,validation,test_temporal,Y
PO00024,CUST0081,2026-04-29,medium,PO00024,validation,train_temporal,N
PO00025,CUST0088,2026-08-02,medium,PO00025,validation,test_temporal,Y
PO00026,CUST0131,2026-05-05,exception,PO00026,train,train_temporal,N
PO00027,CUST0082,2026-06-23,hard,PO00027,train,train_temporal,N
PO00028,CUST0072,2026-06-07,hard,PO00028,train,train_temporal,N
PO00029,CUST0101,2026-04-21,medium,PO00029,train,train_temporal,N
PO00030,CUST0070,2026-07-28,exception,PO00030,train,test_temporal,Y
PO00031,CUST0088,2026-07-12,hard,PO00031,test,train_temporal,N
PO00032,CUST0015,2026-05-31,exception,PO00032,test,train_temporal,N
PO00033,CUST0111,2026-05-09,hard,PO00033,train,train_temporal,N
PO00034,CUST0002,2026-06-28,exception,PO00034,train,train_temporal,N
PO00035,CUST0038,2026-04-16,exception,PO00035,validation,train_temporal,N
PO00036,CUST0052,2026-08-14,hard,PO00036,train,test_temporal,Y
PO00037,CUST0084,2026-05-21,hard,PO00037,validation,train_temporal,N
PO00038,CUST0057,2026-07-16,easy,PO00038,validation,train_temporal,N
PO00039,CUST0106,2026-06-11,medium,PO00039,train,train_temporal,N
PO00040,CUST0087,2026-08-02,hard,PO00040,train,test_temporal,Y
PO00041,CUST0075,2026-06-03,medium,PO00041,train,train_temporal,N
PO00042,CUST0102,2026-04-10,hard,PO00042,train,train_temporal,N
PO00043,CUST0016,2026-04-08,exception,PO00043,test,train_temporal,N
PO00044,CUST0118,2026-04-17,hard,PO00044,train,train_temporal,N
PO00045,CUST0102,2026-05-07,easy,PO00045,train,train_temporal,N
PO00046,CUST0023,2026-07-23,easy,PO00046,train,train_temporal,N
PO00047,CUST0105,2026-04-10,hard,PO00047,train,train_temporal,N
PO00048,CUST0030,2026-07-07,exception,PO00048,validation,train_temporal,N
PO00049,CUST0081,2026-06-29,easy,PO00049,test,train_temporal,N
PO00050,CUST0120,2026-05-23,exception,PO00050,test,train_temporal,N
PO00051,CUST0030,2026-05-17,medium,PO00051,test,train_temporal,N
PO00052,CUST0109,2026-08-03,exception,PO00052,train,test_temporal,Y
PO00053,CUST0065,2026-08-10,medium,PO00053,train,test_temporal,Y
PO00054,CUST0051,2026-04-20,medium,PO00054,test,train_temporal,N
PO00055,CUST0054,2026-06-17,exception,PO00055,train,train_temporal,N
PO00056,CUST0004,2026-06-22,hard,PO00056,test,train_temporal,N
PO00057,CUST0090,2026-07-05,exception,PO00057,train,train_temporal,N
PO00058,CUST0108,2026-07-17,medium,PO00058,train,train_temporal,N
PO00059,CUST0045,2026-05-21,hard,PO00059,validation,train_temporal,N
PO00060,CUST0063,2026-06-04,hard,PO00060,train,train_temporal,N
PO00061,CUST0076,2026-04-04,hard,PO00061,validation,train_temporal,N
PO00062,CUST0050,2026-08-17,medium,PO00062,train,test_temporal,Y
PO00063,CUST0005,2026-08-05,exception,PO00063,train,test_temporal,Y
PO00064,CUST0059,2026-04-28,hard,PO00064,train,train_temporal,N
PO00065,CUST0065,2026-07-28,exception,PO00065,validation,test_temporal,Y
PO00066,CUST0129,2026-07-30,hard,PO00066,test,test_temporal,Y
PO00067,CUST0094,2026-05-05,hard,PO00067,validation,train_temporal,N
PO00068,CUST0137,2026-05-09,exception,PO00068,train,train_temporal,N
PO00069,CUST0132,2026-07-09,exception,PO00069,train,train_temporal,N
PO00070,CUST0076,2026-06-28,hard,PO00070,test,train_temporal,N
PO00071,CUST0107,2026-05-26,medium,PO00071,train,train_temporal,N
PO00072,CUST0035,2026-08-03,exception,PO00072,validation,test_temporal,Y
PO00073,CUST0119,2026-06-02,exception,PO00073,train,train_temporal,N
PO00074,CUST0109,2026-06-26,hard,PO00074,train,train_temporal,N
PO00075,CUST0060,2026-06-19,hard,PO00075,train,train_temporal,N
PO00076,CUST0021,2026-08-18,hard,PO00076,test,test_temporal,Y
PO00077,CUST0079,2026-05-04,exception,PO00077,train,train_temporal,N
PO00078,CUST0076,2026-06-12,exception,PO00078,train,train_temporal,N
PO00079,CUST0112,2026-08-20,hard,PO00079,validation,test_temporal,Y
PO00080,CUST0093,2026-05-17,medium,PO00080,test,train_temporal,N
PO00081,CUST0099,2026-06-18,hard,PO00081,validation,train_temporal,N
PO00082,CUST0030,2026-08-08,hard,PO00082,train,test_temporal,Y
PO00083,CUST0127,2026-05-29,medium,PO00083,train,train_temporal,N
PO00084,CUST0009,2026-07-03,hard,PO00084,validation,train_temporal,N
PO00085,CUST0109,2026-04-05,hard,PO00085,train,train_temporal,N
PO00086,CUST0001,2026-06-06,exception,PO00086,train,train_temporal,N
PO00087,CUST0135,2026-07-13,hard,PO00087,test,train_temporal,N
PO00088,CUST0129,2026-04-10,hard,PO00088,train,train_temporal,N
PO00089,CUST0006,2026-05-16,easy,PO00089,test,train_temporal,N
PO00090,CUST0010,2026-06-25,hard,PO00090,train,train_temporal,N
PO00091,CUST0009,2026-08-14,hard,PO00091,validation,test_temporal,Y
PO00092,CUST0141,2026-05-22,exception,PO00092,validation,train_temporal,N
PO00093,CUST0074,2026-05-25,easy,PO00093,test,train_temporal,N
PO00094,CUST0099,2026-07-14,exception,PO00094,validation,train_temporal,N
PO00095,CUST0001,2026-07-26,hard,PO00095,validation,train_temporal,N
PO00096,CUST0052,2026-06-24,medium,PO00096,test,train_temporal,N
PO00097,CUST0079,2026-04-23,exception,PO00097,test,train_temporal,N
PO00098,CUST0108,2026-05-20,exception,PO00098,validation,train_temporal,N
PO00099,CUST0011,2026-08-04,hard,PO00099,train,test_temporal,Y
PO00100,CUST0079,2026-07-23,medium,PO00100,train,train_temporal,N
PO00101,CUST0024,2026-04-10,exception,PO00101,test,train_temporal,N
PO00102,CUST0012,2026-08-05,exception,PO00102,train,test_temporal,Y
PO00103,CUST0015,2026-08-06,hard,PO00103,train,test_temporal,Y
PO00104,CUST0123,2026-05-15,hard,PO00104,train,train_temporal,N
PO00105,CUST0127,2026-05-11,hard,PO00105,validation,train_temporal,N
PO00106,CUST0018,2026-04-14,exception,PO00106,train,train_temporal,N
PO00107,CUST0022,2026-04-24,exception,PO00107,train,train_temporal,N
PO00108,CUST0070,2026-05-29,easy,PO00108,train,train_temporal,N
PO00109,CUST0021,2026-04-28,easy,PO00109,test,train_temporal,N
PO00110,CUST0001,2026-06-22,exception,PO00110,validation,train_temporal,N
PO00111,CUST0121,2026-05-29,hard,PO00111,train,train_temporal,N
PO00112,CUST0059,2026-05-25,medium,PO00112,train,train_temporal,N
PO00113,CUST0121,2026-04-22,hard,PO00113,validation,train_temporal,N
PO00114,CUST0044,2026-06-13,hard,PO00114,train,train_temporal,N
PO00115,CUST0035,2026-07-10,exception,PO00115,validation,train_temporal,N
PO00116,CUST0059,2026-07-28,easy,PO00116,train,test_temporal,Y
PO00117,CUST0106,2026-07-26,hard,PO00117,test,train_temporal,N
PO00118,CUST0045,2026-05-07,exception,PO00118,test,train_temporal,N
PO00119,CUST0024,2026-06-18,hard,PO00119,validation,train_temporal,N
PO00120,CUST0101,2026-07-20,hard,PO00120,train,train_temporal,N
PO00121,CUST0118,2026-04-11,exception,PO00121,train,train_temporal,N
PO00122,CUST0012,2026-07-22,hard,PO00122,train,train_temporal,N
PO00123,CUST0043,2026-06-20,exception,PO00123,validation,train_temporal,N
PO00124,CUST0040,2026-04-19,medium,PO00124,test,train_temporal,N
PO00125,CUST0055,2026-06-16,hard,PO00125,test,train_temporal,N
PO00126,CUST0045,2026-07-15,hard,PO00126,train,train_temporal,N
PO00127,CUST0028,2026-04-08,exception,PO00127,train,train_temporal,N
PO00128,CUST0081,2026-04-04,hard,PO00128,test,train_temporal,N
PO00129,CUST0120,2026-04-30,exception,PO00129,train,train_temporal,N
PO00130,CUST0129,2026-07-07,hard,PO00130,validation,train_temporal,N
PO00131,CUST0014,2026-07-10,medium,PO00131,test,train_temporal,N
PO00132,CUST0137,2026-08-16,medium,PO00132,test,test_temporal,Y
PO00133,CUST0064,2026-07-03,hard,PO00133,test,train_temporal,N
PO00134,CUST0005,2026-04-13,hard,PO00134,validation,train_temporal,N
PO00135,CUST0062,2026-07-12,exception,PO00135,train,train_temporal,N
PO00136,CUST0122,2026-05-26,easy,PO00136,test,train_temporal,N
PO00137,CUST0100,2026-04-23,hard,PO00137,train,train_temporal,N
PO00138,CUST0019,2026-08-16,hard,PO00138,train,test_temporal,Y
PO00139,CUST0053,2026-05-08,exception,PO00139,train,train_temporal,N
PO00140,CUST0135,2026-07-06,medium,PO00140,validation,train_temporal,N
PO00141,CUST0091,2026-04-10,hard,PO00141,train,train_temporal,N
PO00142,CUST0008,2026-05-09,medium,PO00142,train,train_temporal,N
PO00143,CUST0107,2026-05-06,easy,PO00143,train,train_temporal,N
PO00144,CUST0086,2026-05-01,hard,PO00144,train,train_temporal,N
PO00145,CUST0028,2026-08-19,easy,PO00145,test,test_temporal,Y
PO00146,CUST0049,2026-07-16,hard,PO00146,test,train_temporal,N
PO00147,CUST0072,2026-06-22,medium,PO00147,train,train_temporal,N
PO00148,CUST0028,2026-04-02,hard,PO00148,train,train_temporal,N
PO00149,CUST0133,2026-07-26,exception,PO00149,train,train_temporal,N
PO00150,CUST0129,2026-04-17,exception,PO00150,train,train_temporal,N
PO00151,CUST0080,2026-06-24,exception,PO00151,train,train_temporal,N
PO00152,CUST0144,2026-08-03,medium,PO00152,validation,test_temporal,Y
PO00153,CUST0092,2026-04-02,hard,PO00153,train,train_temporal,N
PO00154,CUST0034,2026-06-13,hard,PO00154,test,train_temporal,N
PO00155,CUST0105,2026-05-29,medium,PO00155,validation,train_temporal,N
PO00156,CUST0122,2026-07-27,medium,PO00156,test,train_temporal,N
PO00157,CUST0041,2026-08-16,hard,PO00157,train,test_temporal,Y
PO00158,CUST0070,2026-07-09,easy,PO00158,train,train_temporal,N
PO00159,CUST0081,2026-08-14,medium,PO00159,train,test_temporal,Y
PO00160,CUST0116,2026-04-24,exception,PO00160,validation,train_temporal,N
PO00161,CUST0079,2026-04-09,medium,PO00161,train,train_temporal,N
PO00162,CUST0027,2026-07-19,hard,PO00162,train,train_temporal,N
PO00163,CUST0025,2026-05-20,medium,PO00163,test,train_temporal,N
PO00164,CUST0058,2026-06-13,exception,PO00164,train,train_temporal,N
PO00165,CUST0137,2026-08-12,medium,PO00165,train,test_temporal,Y
PO00166,CUST0120,2026-08-02,easy,PO00166,validation,test_temporal,Y
PO00167,CUST0074,2026-04-03,hard,PO00167,train,train_temporal,N
PO00168,CUST0035,2026-04-05,easy,PO00168,validation,train_temporal,N
PO00169,CUST0036,2026-06-30,medium,PO00169,validation,train_temporal,N
PO00170,CUST0003,2026-07-31,easy,PO00170,train,test_temporal,Y
PO00171,CUST0128,2026-06-06,easy,PO00171,test,train_temporal,N
PO00172,CUST0070,2026-06-14,medium,PO00172,validation,train_temporal,N
PO00173,CUST0022,2026-07-08,hard,PO00173,validation,train_temporal,N
PO00174,CUST0102,2026-05-31,hard,PO00174,train,train_temporal,N
PO00175,CUST0116,2026-04-16,easy,PO00175,train,train_temporal,N
PO00176,CUST0125,2026-06-21,hard,PO00176,test,train_temporal,N
PO00177,CUST0031,2026-07-02,exception,PO00177,test,train_temporal,N
PO00178,CUST0075,2026-04-26,exception,PO00178,train,train_temporal,N
PO00179,CUST0058,2026-05-26,exception,PO00179,train,train_temporal,N
PO00180,CUST0017,2026-05-15,hard,PO00180,train,train_temporal,N
PO00181,CUST0057,2026-04-02,medium,PO00181,train,train_temporal,N
PO00182,CUST0133,2026-08-14,exception,PO00182,validation,test_temporal,Y
PO00183,CUST0120,2026-06-15,exception,PO00183,train,train_temporal,N
PO00184,CUST0017,2026-07-30,hard,PO00184,train,test_temporal,Y
PO00185,CUST0013,2026-06-19,medium,PO00185,test,train_temporal,N
PO00186,CUST0105,2026-08-03,hard,PO00186,train,test_temporal,Y
PO00187,CUST0063,2026-04-23,medium,PO00187,train,train_temporal,N
PO00188,CUST0025,2026-06-06,hard,PO00188,train,train_temporal,N
PO00189,CUST0034,2026-06-14,medium,PO00189,validation,train_temporal,N
PO00190,CUST0119,2026-08-15,hard,PO00190,train,test_temporal,Y
PO00191,CUST0043,2026-08-09,easy,PO00191,test,test_temporal,Y
PO00192,CUST0104,2026-05-13,medium,PO00192,train,train_temporal,N
PO00193,CUST0125,2026-04-28,hard,PO00193,validation,train_temporal,N
PO00194,CUST0053,2026-08-03,hard,PO00194,validation,test_temporal,Y
PO00195,CUST0082,2026-06-25,medium,PO00195,validation,train_temporal,N
PO00196,CUST0106,2026-06-29,easy,PO00196,train,train_temporal,N
PO00197,CUST0029,2026-04-01,medium,PO00197,validation,train_temporal,N
PO00198,CUST0013,2026-05-07,exception,PO00198,train,train_temporal,N
PO00199,CUST0031,2026-04-06,hard,PO00199,validation,train_temporal,N
PO00200,CUST0099,2026-04-26,hard,PO00200,validation,train_temporal,N
PO00201,CUST0053,2026-04-18,medium,PO00201,train,train_temporal,N
PO00202,CUST0097,2026-07-02,hard,PO00202,validation,train_temporal,N
PO00203,CUST0136,2026-08-17,medium,PO00203,train,test_temporal,Y
PO00204,CUST0012,2026-07-29,hard,PO00204,test,test_temporal,Y
PO00205,CUST0056,2026-07-04,hard,PO00205,train,train_temporal,N
PO00206,CUST0022,2026-04-28,medium,PO00206,test,train_temporal,N
PO00207,CUST0111,2026-05-08,medium,PO00207,train,train_temporal,N
PO00208,CUST0059,2026-07-25,hard,PO00208,train,train_temporal,N
PO00209,CUST0074,2026-04-03,easy,PO00209,test,train_temporal,N
PO00210,CUST0074,2026-04-21,hard,PO00210,validation,train_temporal,N
PO00211,CUST0046,2026-05-12,hard,PO00211,train,train_temporal,N
PO00212,CUST0078,2026-06-02,hard,PO00212,train,train_temporal,N
PO00213,CUST0049,2026-05-20,hard,PO00213,test,train_temporal,N
PO00214,CUST0114,2026-05-07,hard,PO00214,train,train_temporal,N
PO00215,CUST0043,2026-08-16,hard,PO00215,train,test_temporal,Y
PO00216,CUST0057,2026-05-12,medium,PO00216,train,train_temporal,N
PO00217,CUST0131,2026-04-19,medium,PO00217,train,train_temporal,N
PO00218,CUST0006,2026-04-29,hard,PO00218,validation,train_temporal,N
PO00219,CUST0016,2026-06-09,hard,PO00219,train,train_temporal,N
PO00220,CUST0104,2026-08-12,hard,PO00220,test,test_temporal,Y
PO00221,CUST0118,2026-06-29,hard,PO00221,test,train_temporal,N
PO00222,CUST0116,2026-08-06,exception,PO00222,train,test_temporal,Y
PO00223,CUST0097,2026-06-03,medium,PO00223,validation,train_temporal,N
PO00224,CUST0032,2026-04-25,hard,PO00224,train,train_temporal,N
PO00225,CUST0075,2026-06-11,easy,PO00225,train,train_temporal,N
PO00226,CUST0042,2026-04-15,exception,PO00226,train,train_temporal,N
PO00227,CUST0052,2026-04-06,easy,PO00227,train,train_temporal,N
PO00228,CUST0115,2026-08-13,hard,PO00228,test,test_temporal,Y
PO00229,CUST0131,2026-05-17,exception,PO00229,train,train_temporal,N
PO00230,CUST0133,2026-05-20,hard,PO00230,validation,train_temporal,N
PO00231,CUST0036,2026-07-29,hard,PO00231,train,test_temporal,Y
PO00232,CUST0028,2026-06-17,hard,PO00232,train,train_temporal,N
PO00233,CUST0031,2026-08-06,hard,PO00233,validation,test_temporal,Y
PO00234,CUST0132,2026-07-16,hard,PO00234,train,train_temporal,N
PO00235,CUST0083,2026-04-02,easy,PO00235,train,train_temporal,N
PO00236,CUST0030,2026-05-21,hard,PO00236,validation,train_temporal,N
PO00237,CUST0021,2026-04-19,hard,PO00237,test,train_temporal,N
PO00238,CUST0052,2026-04-08,medium,PO00238,train,train_temporal,N
PO00239,CUST0122,2026-07-15,hard,PO00239,validation,train_temporal,N
PO00240,CUST0103,2026-05-23,hard,PO00240,train,train_temporal,N
PO00241,CUST0088,2026-07-26,medium,PO00241,validation,train_temporal,N
PO00242,CUST0068,2026-04-24,exception,PO00242,test,train_temporal,N
PO00243,CUST0111,2026-06-09,hard,PO00243,train,train_temporal,N
PO00244,CUST0085,2026-08-15,easy,PO00244,train,test_temporal,Y
PO00245,CUST0053,2026-04-29,hard,PO00245,train,train_temporal,N
PO00246,CUST0054,2026-07-16,exception,PO00246,validation,train_temporal,N
PO00247,CUST0122,2026-07-06,exception,PO00247,test,train_temporal,N
PO00248,CUST0096,2026-07-31,exception,PO00248,train,test_temporal,Y
PO00249,CUST0148,2026-07-10,exception,PO00249,train,train_temporal,N
PO00250,CUST0098,2026-07-14,medium,PO00250,train,train_temporal,N
PO00251,CUST0072,2026-07-02,exception,PO00251,validation,train_temporal,N
PO00252,CUST0094,2026-05-30,exception,PO00252,train,train_temporal,N
PO00253,CUST0063,2026-06-18,medium,PO00253,train,train_temporal,N
PO00254,CUST0108,2026-06-01,medium,PO00254,train,train_temporal,N
PO00255,CUST0084,2026-08-19,medium,PO00255,test,test_temporal,Y
PO00256,CUST0127,2026-05-30,medium,PO00256,validation,train_temporal,N
PO00257,CUST0060,2026-06-06,medium,PO00257,train,train_temporal,N
PO00258,CUST0083,2026-06-19,exception,PO00258,validation,train_temporal,N
PO00259,CUST0075,2026-05-21,exception,PO00259,train,train_temporal,N
PO00260,CUST0076,2026-04-16,exception,PO00260,train,train_temporal,N
PO00261,CUST0121,2026-08-02,hard,PO00261,test,test_temporal,Y
PO00262,CUST0060,2026-05-16,hard,PO00262,test,train_temporal,N
PO00263,CUST0116,2026-04-13,hard,PO00263,test,train_temporal,N
PO00264,CUST0149,2026-07-22,medium,PO00264,validation,train_temporal,N
PO00265,CUST0031,2026-06-15,exception,PO00265,test,train_temporal,N
PO00266,CUST0060,2026-07-08,hard,PO00266,train,train_temporal,N
PO00267,CUST0028,2026-07-20,easy,PO00267,train,train_temporal,N
PO00268,CUST0018,2026-07-13,exception,PO00268,train,train_temporal,N
PO00269,CUST0008,2026-07-02,medium,PO00269,train,train_temporal,N
PO00270,CUST0105,2026-05-05,exception,PO00270,train,train_temporal,N
PO00271,CUST0078,2026-04-16,hard,PO00271,validation,train_temporal,N
PO00272,CUST0050,2026-05-12,hard,PO00272,validation,train_temporal,N
PO00273,CUST0069,2026-06-27,easy,PO00273,train,train_temporal,N
PO00274,CUST0044,2026-06-01,hard,PO00274,validation,train_temporal,N
PO00275,CUST0030,2026-07-19,exception,PO00275,train,train_temporal,N
PO00276,CUST0070,2026-06-12,medium,PO00276,train,train_temporal,N
PO00277,CUST0030,2026-07-19,hard,PO00277,train,train_temporal,N
PO00278,CUST0141,2026-04-17,exception,PO00278,train,train_temporal,N
PO00279,CUST0005,2026-08-12,medium,PO00279,train,test_temporal,Y
PO00280,CUST0041,2026-04-08,exception,PO00280,train,train_temporal,N
PO00281,CUST0044,2026-06-28,hard,PO00281,validation,train_temporal,N
PO00282,CUST0034,2026-07-20,hard,PO00282,validation,train_temporal,N
PO00283,CUST0030,2026-07-14,hard,PO00283,validation,train_temporal,N
PO00284,CUST0100,2026-07-13,hard,PO00284,train,train_temporal,N
PO00285,CUST0050,2026-06-19,exception,PO00285,validation,train_temporal,N
PO00286,CUST0136,2026-06-01,exception,PO00286,train,train_temporal,N
PO00287,CUST0064,2026-07-30,hard,PO00287,train,test_temporal,Y
PO00288,CUST0033,2026-04-26,exception,PO00288,test,train_temporal,N
PO00289,CUST0054,2026-04-04,medium,PO00289,validation,train_temporal,N
PO00290,CUST0015,2026-06-13,hard,PO00290,train,train_temporal,N
PO00291,CUST0090,2026-04-05,exception,PO00291,validation,train_temporal,N
PO00292,CUST0085,2026-06-05,exception,PO00292,train,train_temporal,N
PO00293,CUST0003,2026-05-27,hard,PO00293,validation,train_temporal,N
PO00294,CUST0040,2026-06-01,medium,PO00294,validation,train_temporal,N
PO00295,CUST0040,2026-06-02,medium,PO00295,train,train_temporal,N
PO00296,CUST0100,2026-04-15,medium,PO00296,train,train_temporal,N
PO00297,CUST0012,2026-05-12,medium,PO00297,train,train_temporal,N
PO00298,CUST0078,2026-06-25,hard,PO00298,train,train_temporal,N
PO00299,CUST0099,2026-05-05,hard,PO00299,train,train_temporal,N
PO00300,CUST0089,2026-07-16,medium,PO00300,train,train_temporal,N
PO00301,CUST0040,2026-07-23,hard,PO00301,train,train_temporal,N
PO00302,CUST0108,2026-07-28,hard,PO00302,validation,test_temporal,Y
PO00303,CUST0086,2026-06-28,exception,PO00303,validation,train_temporal,N
PO00304,CUST0029,2026-04-18,easy,PO00304,test,train_temporal,N
PO00305,CUST0138,2026-07-06,medium,PO00305,train,train_temporal,N
PO00306,CUST0046,2026-08-06,hard,PO00306,train,test_temporal,Y
PO00307,CUST0135,2026-06-07,exception,PO00307,train,train_temporal,N
PO00308,CUST0093,2026-08-16,exception,PO00308,test,test_temporal,Y
PO00309,CUST0110,2026-07-31,exception,PO00309,train,test_temporal,Y
PO00310,CUST0135,2026-06-21,hard,PO00310,train,train_temporal,N
PO00311,CUST0046,2026-08-07,hard,PO00311,train,test_temporal,Y
PO00312,CUST0080,2026-06-14,hard,PO00312,train,train_temporal,N
PO00313,CUST0022,2026-07-01,hard,PO00313,train,train_temporal,N
PO00314,CUST0129,2026-05-01,exception,PO00314,test,train_temporal,N
PO00315,CUST0129,2026-05-05,hard,PO00315,test,train_temporal,N
PO00316,CUST0021,2026-07-13,exception,PO00316,test,train_temporal,N
PO00317,CUST0108,2026-06-18,hard,PO00317,train,train_temporal,N
PO00318,CUST0082,2026-06-29,hard,PO00318,test,train_temporal,N
PO00319,CUST0042,2026-05-08,hard,PO00319,test,train_temporal,N
PO00320,CUST0101,2026-06-13,exception,PO00320,train,train_temporal,N
PO00321,CUST0003,2026-05-20,hard,PO00321,train,train_temporal,N
PO00322,CUST0146,2026-04-27,exception,PO00322,train,train_temporal,N
PO00323,CUST0107,2026-05-13,hard,PO00323,train,train_temporal,N
PO00324,CUST0078,2026-04-23,hard,PO00324,test,train_temporal,N
PO00325,CUST0059,2026-06-06,hard,PO00325,train,train_temporal,N
PO00326,CUST0001,2026-05-10,hard,PO00326,train,train_temporal,N
PO00327,CUST0124,2026-05-19,exception,PO00327,train,train_temporal,N
PO00328,CUST0131,2026-07-07,exception,PO00328,train,train_temporal,N
PO00329,CUST0095,2026-05-31,exception,PO00329,train,train_temporal,N
PO00330,CUST0074,2026-05-08,hard,PO00330,train,train_temporal,N
PO00331,CUST0030,2026-08-10,exception,PO00331,validation,test_temporal,Y
PO00332,CUST0117,2026-04-26,exception,PO00332,test,train_temporal,N
PO00333,CUST0075,2026-04-13,hard,PO00333,test,train_temporal,N
PO00334,CUST0102,2026-08-10,medium,PO00334,train,test_temporal,Y
PO00335,CUST0046,2026-07-24,hard,PO00335,test,train_temporal,N
PO00336,CUST0017,2026-04-21,exception,PO00336,validation,train_temporal,N
PO00337,CUST0061,2026-07-07,medium,PO00337,train,train_temporal,N
PO00338,CUST0116,2026-06-28,hard,PO00338,train,train_temporal,N
PO00339,CUST0072,2026-07-11,hard,PO00339,train,train_temporal,N
PO00340,CUST0045,2026-04-07,hard,PO00340,train,train_temporal,N
PO00341,CUST0061,2026-07-07,exception,PO00341,train,train_temporal,N
PO00342,CUST0137,2026-07-12,exception,PO00342,train,train_temporal,N
PO00343,CUST0131,2026-05-31,hard,PO00343,train,train_temporal,N
PO00344,CUST0072,2026-04-05,exception,PO00344,test,train_temporal,N
PO00345,CUST0107,2026-08-03,exception,PO00345,train,test_temporal,Y
PO00346,CUST0032,2026-04-29,hard,PO00346,train,train_temporal,N
PO00347,CUST0020,2026-08-13,hard,PO00347,test,test_temporal,Y
PO00348,CUST0097,2026-05-05,exception,PO00348,train,train_temporal,N
PO00349,CUST0046,2026-07-20,exception,PO00349,train,train_temporal,N
PO00350,CUST0098,2026-04-17,hard,PO00350,train,train_temporal,N
PO00351,CUST0034,2026-04-26,hard,PO00351,train,train_temporal,N
PO00352,CUST0020,2026-04-29,medium,PO00352,train,train_temporal,N
PO00353,CUST0058,2026-05-20,medium,PO00353,train,train_temporal,N
PO00354,CUST0017,2026-05-28,hard,PO00354,train,train_temporal,N
PO00355,CUST0012,2026-06-24,exception,PO00355,train,train_temporal,N
PO00356,CUST0117,2026-04-11,hard,PO00356,train,train_temporal,N
PO00357,CUST0026,2026-05-23,exception,PO00357,train,train_temporal,N
PO00358,CUST0122,2026-07-06,hard,PO00358,validation,train_temporal,N
PO00359,CUST0076,2026-05-28,exception,PO00359,train,train_temporal,N
PO00360,CUST0132,2026-05-07,hard,PO00360,test,train_temporal,N
PO00361,CUST0147,2026-07-07,exception,PO00361,train,train_temporal,N
PO00362,CUST0055,2026-08-13,exception,PO00362,train,test_temporal,Y
PO00363,CUST0105,2026-06-19,exception,PO00363,validation,train_temporal,N
PO00364,CUST0091,2026-07-14,exception,PO00364,train,train_temporal,N
PO00365,CUST0122,2026-06-27,medium,PO00365,train,train_temporal,N
PO00366,CUST0002,2026-04-14,hard,PO00366,validation,train_temporal,N
PO00367,CUST0098,2026-07-17,exception,PO00367,train,train_temporal,N
PO00368,CUST0092,2026-04-18,hard,PO00368,train,train_temporal,N
PO00369,CUST0059,2026-07-03,exception,PO00369,validation,train_temporal,N
PO00370,CUST0049,2026-04-15,exception,PO00370,test,train_temporal,N
PO00371,CUST0115,2026-08-10,exception,PO00371,train,test_temporal,Y
PO00372,CUST0037,2026-07-10,hard,PO00372,train,train_temporal,N
PO00373,CUST0050,2026-06-19,exception,PO00373,validation,train_temporal,N
PO00374,CUST0066,2026-07-02,hard,PO00374,train,train_temporal,N
PO00375,CUST0137,2026-06-08,easy,PO00375,test,train_temporal,N
PO00376,CUST0023,2026-08-05,hard,PO00376,train,test_temporal,Y
PO00377,CUST0101,2026-06-23,exception,PO00377,train,train_temporal,N
PO00378,CUST0120,2026-04-03,hard,PO00378,train,train_temporal,N
PO00379,CUST0065,2026-06-27,hard,PO00379,train,train_temporal,N
PO00380,CUST0035,2026-04-27,easy,PO00380,train,train_temporal,N
PO00381,CUST0012,2026-06-18,hard,PO00381,train,train_temporal,N
PO00382,CUST0079,2026-05-15,medium,PO00382,train,train_temporal,N
PO00383,CUST0114,2026-05-30,hard,PO00383,train,train_temporal,N
PO00384,CUST0009,2026-06-05,medium,PO00384,train,train_temporal,N
PO00385,CUST0032,2026-05-29,hard,PO00385,train,train_temporal,N
PO00386,CUST0016,2026-07-16,exception,PO00386,train,train_temporal,N
PO00387,CUST0002,2026-06-18,exception,PO00387,train,train_temporal,N
PO00388,CUST0085,2026-07-24,exception,PO00388,test,train_temporal,N
PO00389,CUST0088,2026-07-23,medium,PO00389,train,train_temporal,N
PO00390,CUST0015,2026-06-02,easy,PO00390,train,train_temporal,N
PO00391,CUST0070,2026-04-10,exception,PO00391,test,train_temporal,N
PO00392,CUST0065,2026-07-20,exception,PO00392,train,train_temporal,N
PO00393,CUST0006,2026-07-02,exception,PO00393,train,train_temporal,N
PO00394,CUST0118,2026-08-16,medium,PO00394,train,test_temporal,Y
PO00395,CUST0115,2026-05-13,exception,PO00395,test,train_temporal,N
PO00396,CUST0099,2026-05-07,exception,PO00396,train,train_temporal,N
PO00397,CUST0075,2026-07-21,exception,PO00397,validation,train_temporal,N
PO00398,CUST0127,2026-07-04,exception,PO00398,test,train_temporal,N
PO00399,CUST0128,2026-07-21,medium,PO00399,train,train_temporal,N
PO00400,CUST0099,2026-06-12,medium,PO00400,train,train_temporal,N
PO00401,CUST0133,2026-05-25,hard,PO00401,validation,train_temporal,N
PO00402,CUST0040,2026-07-16,exception,PO00402,train,train_temporal,N
PO00403,CUST0021,2026-05-09,exception,PO00403,validation,train_temporal,N
PO00404,CUST0012,2026-04-28,hard,PO00404,test,train_temporal,N
PO00405,CUST0028,2026-08-09,medium,PO00405,train,test_temporal,Y
PO00406,CUST0131,2026-06-17,hard,PO00406,validation,train_temporal,N
PO00407,CUST0005,2026-05-21,exception,PO00407,train,train_temporal,N
PO00408,CUST0046,2026-04-20,easy,PO00408,train,train_temporal,N
PO00409,CUST0034,2026-08-19,hard,PO00409,train,test_temporal,Y
PO00410,CUST0007,2026-06-22,hard,PO00410,validation,train_temporal,N
PO00411,CUST0103,2026-05-10,hard,PO00411,train,train_temporal,N
PO00412,CUST0021,2026-06-02,medium,PO00412,test,train_temporal,N
PO00413,CUST0054,2026-07-23,exception,PO00413,test,train_temporal,N
PO00414,CUST0029,2026-04-04,medium,PO00414,test,train_temporal,N
PO00415,CUST0018,2026-07-04,hard,PO00415,test,train_temporal,N
PO00416,CUST0129,2026-07-18,hard,PO00416,train,train_temporal,N
PO00417,CUST0122,2026-04-10,exception,PO00417,train,train_temporal,N
PO00418,CUST0063,2026-07-08,hard,PO00418,test,train_temporal,N
PO00419,CUST0130,2026-04-29,exception,PO00419,validation,train_temporal,N
PO00420,CUST0100,2026-05-23,hard,PO00420,validation,train_temporal,N
PO00421,CUST0067,2026-07-15,exception,PO00421,test,train_temporal,N
PO00422,CUST0086,2026-06-03,hard,PO00422,train,train_temporal,N
PO00423,CUST0132,2026-06-01,hard,PO00423,train,train_temporal,N
PO00424,CUST0042,2026-06-05,exception,PO00424,train,train_temporal,N
PO00425,CUST0005,2026-05-02,medium,PO00425,train,train_temporal,N
PO00426,CUST0074,2026-05-08,hard,PO00426,test,train_temporal,N
PO00427,CUST0126,2026-04-10,hard,PO00427,validation,train_temporal,N
PO00428,CUST0006,2026-07-02,hard,PO00428,test,train_temporal,N
PO00429,CUST0052,2026-04-15,hard,PO00429,train,train_temporal,N
PO00430,CUST0110,2026-08-12,medium,PO00430,test,test_temporal,Y
PO00431,CUST0010,2026-04-19,exception,PO00431,train,train_temporal,N
PO00432,CUST0117,2026-07-10,medium,PO00432,test,train_temporal,N
PO00433,CUST0015,2026-08-11,medium,PO00433,test,test_temporal,Y
PO00434,CUST0033,2026-08-17,hard,PO00434,train,test_temporal,Y
PO00435,CUST0021,2026-06-15,hard,PO00435,train,train_temporal,N
PO00436,CUST0036,2026-07-20,hard,PO00436,train,train_temporal,N
PO00437,CUST0091,2026-07-13,exception,PO00437,test,train_temporal,N
PO00438,CUST0098,2026-07-23,hard,PO00438,train,train_temporal,N
PO00439,CUST0075,2026-07-17,medium,PO00439,validation,train_temporal,N
PO00440,CUST0141,2026-06-18,exception,PO00440,validation,train_temporal,N
PO00441,CUST0041,2026-08-02,medium,PO00441,train,test_temporal,Y
PO00442,CUST0109,2026-05-25,exception,PO00442,train,train_temporal,N
PO00443,CUST0086,2026-04-28,exception,PO00443,train,train_temporal,N
PO00444,CUST0129,2026-07-02,easy,PO00444,train,train_temporal,N
PO00445,CUST0124,2026-06-26,hard,PO00445,train,train_temporal,N
PO00446,CUST0028,2026-06-24,hard,PO00446,validation,train_temporal,N
PO00447,CUST0037,2026-04-11,exception,PO00447,train,train_temporal,N
PO00448,CUST0019,2026-04-12,hard,PO00448,validation,train_temporal,N
PO00449,CUST0001,2026-08-12,hard,PO00449,train,test_temporal,Y
PO00450,CUST0149,2026-04-03,medium,PO00450,test,train_temporal,N
PO00451,CUST0115,2026-04-05,exception,PO00451,train,train_temporal,N
PO00452,CUST0100,2026-06-12,hard,PO00452,train,train_temporal,N
PO00453,CUST0130,2026-07-20,medium,PO00453,train,train_temporal,N
PO00454,CUST0100,2026-06-04,exception,PO00454,test,train_temporal,N
PO00455,CUST0055,2026-04-15,medium,PO00455,train,train_temporal,N
PO00456,CUST0103,2026-08-18,exception,PO00456,train,test_temporal,Y
PO00457,CUST0101,2026-05-22,exception,PO00457,train,train_temporal,N
PO00458,CUST0005,2026-04-27,hard,PO00458,train,train_temporal,N
PO00459,CUST0050,2026-04-27,medium,PO00459,train,train_temporal,N
PO00460,CUST0130,2026-04-16,easy,PO00460,train,train_temporal,N
PO00461,CUST0030,2026-04-05,exception,PO00461,test,train_temporal,N
PO00462,CUST0066,2026-05-09,easy,PO00462,validation,train_temporal,N
PO00463,CUST0002,2026-05-06,easy,PO00463,train,train_temporal,N
PO00464,CUST0002,2026-06-07,hard,PO00464,train,train_temporal,N
PO00465,CUST0011,2026-06-01,easy,PO00465,train,train_temporal,N
PO00466,CUST0062,2026-06-18,exception,PO00466,test,train_temporal,N
PO00467,CUST0050,2026-05-17,hard,PO00467,train,train_temporal,N
PO00468,CUST0053,2026-07-05,hard,PO00468,train,train_temporal,N
PO00469,CUST0091,2026-08-01,exception,PO00469,train,test_temporal,Y
PO00470,CUST0084,2026-06-27,medium,PO00470,train,train_temporal,N
PO00471,CUST0003,2026-05-24,medium,PO00471,train,train_temporal,N
PO00472,CUST0115,2026-07-10,easy,PO00472,validation,train_temporal,N
PO00473,CUST0131,2026-08-16,hard,PO00473,train,test_temporal,Y
PO00474,CUST0075,2026-07-16,medium,PO00474,train,train_temporal,N
PO00475,CUST0116,2026-04-30,medium,PO00475,train,train_temporal,N
PO00476,CUST0046,2026-07-19,hard,PO00476,train,train_temporal,N
PO00477,CUST0088,2026-05-30,hard,PO00477,train,train_temporal,N
PO00478,CUST0128,2026-07-08,medium,PO00478,test,train_temporal,N
PO00479,CUST0108,2026-08-17,exception,PO00479,train,test_temporal,Y
PO00480,CUST0005,2026-04-28,medium,PO00480,test,train_temporal,N
PO00481,CUST0088,2026-06-14,hard,PO00481,validation,train_temporal,N
PO00482,CUST0097,2026-05-19,hard,PO00482,test,train_temporal,N
PO00483,CUST0137,2026-06-11,hard,PO00483,train,train_temporal,N
PO00484,CUST0058,2026-07-13,exception,PO00484,train,train_temporal,N
PO00485,CUST0009,2026-05-21,exception,PO00485,test,train_temporal,N
PO00486,CUST0102,2026-08-04,exception,PO00486,train,test_temporal,Y
PO00487,CUST0056,2026-06-29,hard,PO00487,validation,train_temporal,N
PO00488,CUST0045,2026-08-03,easy,PO00488,train,test_temporal,Y
PO00489,CUST0028,2026-04-02,exception,PO00489,validation,train_temporal,N
PO00490,CUST0017,2026-05-09,hard,PO00490,test,train_temporal,N
PO00491,CUST0112,2026-04-02,exception,PO00491,validation,train_temporal,N
PO00492,CUST0044,2026-06-27,hard,PO00492,train,train_temporal,N
PO00493,CUST0128,2026-05-21,exception,PO00493,test,train_temporal,N
PO00494,CUST0089,2026-06-05,medium,PO00494,validation,train_temporal,N
PO00495,CUST0098,2026-05-21,hard,PO00495,train,train_temporal,N
PO00496,CUST0036,2026-06-15,hard,PO00496,train,train_temporal,N
PO00497,CUST0059,2026-05-31,exception,PO00497,train,train_temporal,N
PO00498,CUST0051,2026-08-09,hard,PO00498,train,test_temporal,Y
PO00499,CUST0044,2026-05-08,medium,PO00499,train,train_temporal,N
PO00500,CUST0065,2026-05-06,exception,PO00500,train,train_temporal,N
PO00501,CUST0098,2026-05-14,hard,PO00501,train,train_temporal,N
PO00502,CUST0019,2026-04-15,medium,PO00502,train,train_temporal,N
PO00503,CUST0045,2026-08-12,easy,PO00503,validation,test_temporal,Y
PO00504,CUST0037,2026-06-06,exception,PO00504,test,train_temporal,N
PO00505,CUST0138,2026-07-16,exception,PO00505,train,train_temporal,N
PO00506,CUST0005,2026-05-19,exception,PO00506,train,train_temporal,N
PO00507,CUST0038,2026-04-04,hard,PO00507,train,train_temporal,N
PO00508,CUST0058,2026-04-08,hard,PO00508,test,train_temporal,N
PO00509,CUST0061,2026-06-25,hard,PO00509,train,train_temporal,N
PO00510,CUST0131,2026-07-24,hard,PO00510,train,train_temporal,N
PO00511,CUST0090,2026-07-17,exception,PO00511,train,train_temporal,N
PO00512,CUST0096,2026-05-30,easy,PO00512,train,train_temporal,N
PO00513,CUST0103,2026-05-14,hard,PO00513,test,train_temporal,N
PO00514,CUST0130,2026-05-24,medium,PO00514,train,train_temporal,N
PO00515,CUST0008,2026-08-14,exception,PO00515,train,test_temporal,Y
PO00516,CUST0053,2026-05-23,easy,PO00516,test,train_temporal,N
PO00517,CUST0002,2026-05-04,hard,PO00517,test,train_temporal,N
PO00518,CUST0094,2026-06-30,easy,PO00518,test,train_temporal,N
PO00519,CUST0094,2026-08-16,exception,PO00519,train,test_temporal,Y
PO00520,CUST0091,2026-07-17,hard,PO00520,test,train_temporal,N
PO00521,CUST0051,2026-07-18,easy,PO00521,train,train_temporal,N
PO00522,CUST0066,2026-05-11,exception,PO00522,train,train_temporal,N
PO00523,CUST0119,2026-04-23,hard,PO00523,train,train_temporal,N
PO00524,CUST0004,2026-07-17,exception,PO00524,train,train_temporal,N
PO00525,CUST0114,2026-08-02,hard,PO00525,test,test_temporal,Y
PO00526,CUST0002,2026-08-04,hard,PO00526,train,test_temporal,Y
PO00527,CUST0023,2026-04-19,medium,PO00527,train,train_temporal,N
PO00528,CUST0075,2026-05-29,exception,PO00528,train,train_temporal,N
PO00529,CUST0090,2026-05-03,exception,PO00529,train,train_temporal,N
PO00530,CUST0124,2026-07-21,hard,PO00530,train,train_temporal,N
PO00531,CUST0081,2026-08-13,hard,PO00531,train,test_temporal,Y
PO00532,CUST0121,2026-07-12,medium,PO00532,validation,train_temporal,N
PO00533,CUST0143,2026-07-27,medium,PO00533,train,train_temporal,N
PO00534,CUST0027,2026-06-08,easy,PO00534,validation,train_temporal,N
PO00535,CUST0054,2026-08-16,hard,PO00535,train,test_temporal,Y
PO00536,CUST0080,2026-07-16,medium,PO00536,train,train_temporal,N
PO00537,CUST0049,2026-07-23,hard,PO00537,test,train_temporal,N
PO00538,CUST0048,2026-04-29,hard,PO00538,train,train_temporal,N
PO00539,CUST0045,2026-07-07,exception,PO00539,train,train_temporal,N
PO00540,CUST0069,2026-05-07,hard,PO00540,train,train_temporal,N
PO00541,CUST0108,2026-07-13,exception,PO00541,validation,train_temporal,N
PO00542,CUST0034,2026-07-21,medium,PO00542,train,train_temporal,N
PO00543,CUST0014,2026-07-04,exception,PO00543,train,train_temporal,N
PO00544,CUST0077,2026-04-26,exception,PO00544,validation,train_temporal,N
PO00545,CUST0082,2026-06-18,medium,PO00545,test,train_temporal,N
PO00546,CUST0040,2026-04-15,easy,PO00546,train,train_temporal,N
PO00547,CUST0008,2026-04-21,medium,PO00547,validation,train_temporal,N
PO00548,CUST0047,2026-06-12,hard,PO00548,train,train_temporal,N
PO00549,CUST0041,2026-07-04,exception,PO00549,validation,train_temporal,N
PO00550,CUST0088,2026-06-24,hard,PO00550,train,train_temporal,N
PO00551,CUST0099,2026-04-25,hard,PO00551,validation,train_temporal,N
PO00552,CUST0035,2026-07-20,hard,PO00552,train,train_temporal,N
PO00553,CUST0111,2026-04-24,exception,PO00553,test,train_temporal,N
PO00554,CUST0111,2026-06-06,medium,PO00554,validation,train_temporal,N
PO00555,CUST0095,2026-05-26,exception,PO00555,validation,train_temporal,N
PO00556,CUST0037,2026-07-28,hard,PO00556,validation,test_temporal,Y
PO00557,CUST0038,2026-07-26,exception,PO00557,train,train_temporal,N
PO00558,CUST0039,2026-07-19,medium,PO00558,train,train_temporal,N
PO00559,CUST0040,2026-07-15,hard,PO00559,train,train_temporal,N
PO00560,CUST0061,2026-07-22,hard,PO00560,train,train_temporal,N
PO00561,CUST0112,2026-07-20,medium,PO00561,train,train_temporal,N
PO00562,CUST0116,2026-08-19,exception,PO00562,test,test_temporal,Y
PO00563,CUST0133,2026-07-13,hard,PO00563,train,train_temporal,N
PO00564,CUST0013,2026-07-22,exception,PO00564,train,train_temporal,N
PO00565,CUST0108,2026-08-12,exception,PO00565,validation,test_temporal,Y
PO00566,CUST0020,2026-05-16,hard,PO00566,train,train_temporal,N
PO00567,CUST0078,2026-05-02,exception,PO00567,validation,train_temporal,N
PO00568,CUST0001,2026-06-13,hard,PO00568,train,train_temporal,N
PO00569,CUST0104,2026-04-09,exception,PO00569,test,train_temporal,N
PO00570,CUST0046,2026-06-08,hard,PO00570,train,train_temporal,N
PO00571,CUST0087,2026-04-18,hard,PO00571,test,train_temporal,N
PO00572,CUST0101,2026-06-06,hard,PO00572,test,train_temporal,N
PO00573,CUST0041,2026-07-06,exception,PO00573,train,train_temporal,N
PO00574,CUST0138,2026-06-12,medium,PO00574,validation,train_temporal,N
PO00575,CUST0073,2026-08-03,hard,PO00575,validation,test_temporal,Y
PO00576,CUST0097,2026-05-14,hard,PO00576,validation,train_temporal,N
PO00577,CUST0011,2026-04-11,hard,PO00577,train,train_temporal,N
PO00578,CUST0021,2026-05-23,medium,PO00578,test,train_temporal,N
PO00579,CUST0088,2026-08-06,easy,PO00579,train,test_temporal,Y
PO00580,CUST0029,2026-05-06,easy,PO00580,train,train_temporal,N
PO00581,CUST0030,2026-07-07,exception,PO00581,train,train_temporal,N
PO00582,CUST0076,2026-08-16,hard,PO00582,test,test_temporal,Y
PO00583,CUST0042,2026-05-01,exception,PO00583,train,train_temporal,N
PO00584,CUST0126,2026-07-21,hard,PO00584,validation,train_temporal,N
PO00585,CUST0126,2026-08-04,hard,PO00585,train,test_temporal,Y
PO00586,CUST0052,2026-06-15,exception,PO00586,validation,train_temporal,N
PO00587,CUST0021,2026-07-25,hard,PO00587,test,train_temporal,N
PO00588,CUST0092,2026-08-02,medium,PO00588,train,test_temporal,Y
PO00589,CUST0049,2026-06-06,hard,PO00589,validation,train_temporal,N
PO00590,CUST0150,2026-04-23,medium,PO00590,train,train_temporal,N
PO00591,CUST0085,2026-05-15,exception,PO00591,validation,train_temporal,N
PO00592,CUST0053,2026-07-10,exception,PO00592,train,train_temporal,N
PO00593,CUST0134,2026-06-08,hard,PO00593,validation,train_temporal,N
PO00594,CUST0091,2026-04-08,easy,PO00594,train,train_temporal,N
PO00595,CUST0055,2026-05-21,hard,PO00595,train,train_temporal,N
PO00596,CUST0075,2026-05-02,hard,PO00596,train,train_temporal,N
PO00597,CUST0008,2026-07-26,exception,PO00597,test,train_temporal,N
PO00598,CUST0065,2026-05-09,exception,PO00598,train,train_temporal,N
PO00599,CUST0060,2026-05-13,hard,PO00599,train,train_temporal,N
PO00600,CUST0114,2026-08-04,hard,PO00600,test,test_temporal,Y
PO00601,CUST0085,2026-05-09,hard,PO00601,test,train_temporal,N
PO00602,CUST0059,2026-04-27,hard,PO00602,train,train_temporal,N
PO00603,CUST0107,2026-07-04,hard,PO00603,train,train_temporal,N
PO00604,CUST0023,2026-04-09,easy,PO00604,train,train_temporal,N
PO00605,CUST0121,2026-04-27,exception,PO00605,train,train_temporal,N
PO00606,CUST0071,2026-04-03,hard,PO00606,train,train_temporal,N
PO00607,CUST0050,2026-04-25,hard,PO00607,validation,train_temporal,N
PO00608,CUST0017,2026-06-07,medium,PO00608,train,train_temporal,N
PO00609,CUST0048,2026-06-06,hard,PO00609,train,train_temporal,N
PO00610,CUST0086,2026-04-20,easy,PO00610,train,train_temporal,N
PO00611,CUST0085,2026-04-03,medium,PO00611,train,train_temporal,N
PO00612,CUST0103,2026-08-06,hard,PO00612,test,test_temporal,Y
PO00613,CUST0015,2026-08-07,medium,PO00613,train,test_temporal,Y
PO00614,CUST0019,2026-05-30,hard,PO00614,test,train_temporal,N
PO00615,CUST0052,2026-08-07,medium,PO00615,train,test_temporal,Y
PO00616,CUST0132,2026-05-15,hard,PO00616,train,train_temporal,N
PO00617,CUST0082,2026-04-24,exception,PO00617,train,train_temporal,N
PO00618,CUST0063,2026-04-22,exception,PO00618,train,train_temporal,N
PO00619,CUST0035,2026-07-30,exception,PO00619,train,test_temporal,Y
PO00620,CUST0121,2026-06-09,medium,PO00620,validation,train_temporal,N
PO00621,CUST0127,2026-08-10,medium,PO00621,train,test_temporal,Y
PO00622,CUST0048,2026-07-24,hard,PO00622,validation,train_temporal,N
PO00623,CUST0109,2026-07-17,hard,PO00623,train,train_temporal,N
PO00624,CUST0108,2026-08-06,hard,PO00624,train,test_temporal,Y
PO00625,CUST0131,2026-06-07,exception,PO00625,train,train_temporal,N
PO00626,CUST0030,2026-07-30,exception,PO00626,train,test_temporal,Y
PO00627,CUST0116,2026-04-26,exception,PO00627,train,train_temporal,N
PO00628,CUST0096,2026-05-23,hard,PO00628,train,train_temporal,N
PO00629,CUST0069,2026-08-06,exception,PO00629,train,test_temporal,Y
PO00630,CUST0131,2026-06-26,hard,PO00630,test,train_temporal,N
PO00631,CUST0096,2026-07-10,exception,PO00631,train,train_temporal,N
PO00632,CUST0018,2026-04-03,exception,PO00632,validation,train_temporal,N
PO00633,CUST0053,2026-06-18,hard,PO00633,test,train_temporal,N
PO00634,CUST0052,2026-05-19,exception,PO00634,test,train_temporal,N
PO00635,CUST0048,2026-05-28,exception,PO00635,train,train_temporal,N
PO00636,CUST0082,2026-05-16,medium,PO00636,train,train_temporal,N
PO00637,CUST0101,2026-07-21,hard,PO00637,train,train_temporal,N
PO00638,CUST0014,2026-06-01,hard,PO00638,test,train_temporal,N
PO00639,CUST0091,2026-06-18,exception,PO00639,train,train_temporal,N
PO00640,CUST0132,2026-04-12,hard,PO00640,train,train_temporal,N
PO00641,CUST0046,2026-04-12,exception,PO00641,train,train_temporal,N
PO00642,CUST0133,2026-07-18,medium,PO00642,train,train_temporal,N
PO00643,CUST0007,2026-07-03,exception,PO00643,validation,train_temporal,N
PO00644,CUST0027,2026-05-23,exception,PO00644,validation,train_temporal,N
PO00645,CUST0002,2026-05-02,exception,PO00645,train,train_temporal,N
PO00646,CUST0039,2026-06-05,exception,PO00646,train,train_temporal,N
PO00647,CUST0068,2026-06-30,medium,PO00647,train,train_temporal,N
PO00648,CUST0134,2026-06-23,hard,PO00648,train,train_temporal,N
PO00649,CUST0022,2026-06-25,hard,PO00649,train,train_temporal,N
PO00650,CUST0150,2026-07-04,medium,PO00650,train,train_temporal,N
PO00651,CUST0105,2026-07-16,hard,PO00651,validation,train_temporal,N
PO00652,CUST0026,2026-06-28,exception,PO00652,test,train_temporal,N
PO00653,CUST0039,2026-07-12,medium,PO00653,test,train_temporal,N
PO00654,CUST0142,2026-07-16,medium,PO00654,train,train_temporal,N
PO00655,CUST0084,2026-05-29,exception,PO00655,train,train_temporal,N
PO00656,CUST0017,2026-06-29,exception,PO00656,test,train_temporal,N
PO00657,CUST0012,2026-05-07,exception,PO00657,test,train_temporal,N
PO00658,CUST0124,2026-07-29,hard,PO00658,validation,test_temporal,Y
PO00659,CUST0066,2026-06-24,hard,PO00659,train,train_temporal,N
PO00660,CUST0120,2026-07-25,exception,PO00660,validation,train_temporal,N
PO00661,CUST0135,2026-07-22,hard,PO00661,train,train_temporal,N
PO00662,CUST0123,2026-04-06,hard,PO00662,validation,train_temporal,N
PO00663,CUST0136,2026-05-06,hard,PO00663,test,train_temporal,N
PO00664,CUST0068,2026-06-05,hard,PO00664,train,train_temporal,N
PO00665,CUST0104,2026-05-15,medium,PO00665,train,train_temporal,N
PO00666,CUST0030,2026-06-30,hard,PO00666,validation,train_temporal,N
PO00667,CUST0119,2026-05-09,exception,PO00667,train,train_temporal,N
PO00668,CUST0113,2026-07-24,hard,PO00668,train,train_temporal,N
PO00669,CUST0052,2026-06-14,exception,PO00669,train,train_temporal,N
PO00670,CUST0013,2026-04-27,hard,PO00670,train,train_temporal,N
PO00671,CUST0121,2026-05-19,exception,PO00671,train,train_temporal,N
PO00672,CUST0098,2026-05-22,exception,PO00672,validation,train_temporal,N
PO00673,CUST0005,2026-04-01,exception,PO00673,train,train_temporal,N
PO00674,CUST0054,2026-04-09,hard,PO00674,test,train_temporal,N
PO00675,CUST0030,2026-05-08,easy,PO00675,train,train_temporal,N
PO00676,CUST0034,2026-06-27,exception,PO00676,train,train_temporal,N
PO00677,CUST0130,2026-07-14,easy,PO00677,train,train_temporal,N
PO00678,CUST0037,2026-04-25,hard,PO00678,train,train_temporal,N
PO00679,CUST0038,2026-07-21,medium,PO00679,validation,train_temporal,N
PO00680,CUST0067,2026-06-16,hard,PO00680,train,train_temporal,N
PO00681,CUST0080,2026-05-13,hard,PO00681,test,train_temporal,N
PO00682,CUST0026,2026-04-23,hard,PO00682,validation,train_temporal,N
PO00683,CUST0009,2026-04-04,easy,PO00683,train,train_temporal,N
PO00684,CUST0111,2026-08-13,exception,PO00684,train,test_temporal,Y
PO00685,CUST0043,2026-04-07,hard,PO00685,train,train_temporal,N
PO00686,CUST0071,2026-08-18,medium,PO00686,validation,test_temporal,Y
PO00687,CUST0008,2026-07-16,exception,PO00687,validation,train_temporal,N
PO00688,CUST0079,2026-04-22,easy,PO00688,train,train_temporal,N
PO00689,CUST0005,2026-07-25,exception,PO00689,train,train_temporal,N
PO00690,CUST0083,2026-07-14,exception,PO00690,test,train_temporal,N
PO00691,CUST0064,2026-05-10,hard,PO00691,train,train_temporal,N
PO00692,CUST0021,2026-04-01,hard,PO00692,train,train_temporal,N
PO00693,CUST0121,2026-06-08,medium,PO00693,train,train_temporal,N
PO00694,CUST0013,2026-07-08,exception,PO00694,test,train_temporal,N
PO00695,CUST0038,2026-04-21,hard,PO00695,train,train_temporal,N
PO00696,CUST0092,2026-07-10,exception,PO00696,train,train_temporal,N
PO00697,CUST0021,2026-07-28,exception,PO00697,train,test_temporal,Y
PO00698,CUST0066,2026-07-15,exception,PO00698,validation,train_temporal,N
PO00699,CUST0124,2026-04-07,medium,PO00699,validation,train_temporal,N
PO00700,CUST0063,2026-07-03,hard,PO00700,validation,train_temporal,N
PO00701,CUST0037,2026-05-16,medium,PO00701,train,train_temporal,N
PO00702,CUST0032,2026-08-08,hard,PO00702,train,test_temporal,Y
PO00703,CUST0131,2026-06-08,easy,PO00703,train,train_temporal,N
PO00704,CUST0004,2026-06-22,hard,PO00704,train,train_temporal,N
PO00705,CUST0004,2026-05-29,hard,PO00705,train,train_temporal,N
PO00706,CUST0085,2026-06-26,medium,PO00706,train,train_temporal,N
PO00707,CUST0090,2026-08-20,exception,PO00707,validation,test_temporal,Y
PO00708,CUST0067,2026-04-08,hard,PO00708,test,train_temporal,N
PO00709,CUST0128,2026-06-20,hard,PO00709,test,train_temporal,N
PO00710,CUST0044,2026-06-27,exception,PO00710,test,train_temporal,N
PO00711,CUST0023,2026-04-02,exception,PO00711,train,train_temporal,N
PO00712,CUST0004,2026-05-31,hard,PO00712,train,train_temporal,N
PO00713,CUST0038,2026-04-06,exception,PO00713,train,train_temporal,N
PO00714,CUST0074,2026-05-26,hard,PO00714,test,train_temporal,N
PO00715,CUST0014,2026-05-04,hard,PO00715,train,train_temporal,N
PO00716,CUST0036,2026-05-06,exception,PO00716,test,train_temporal,N
PO00717,CUST0049,2026-06-26,exception,PO00717,train,train_temporal,N
PO00718,CUST0051,2026-07-10,hard,PO00718,test,train_temporal,N
PO00719,CUST0005,2026-05-05,hard,PO00719,validation,train_temporal,N
PO00720,CUST0069,2026-07-09,exception,PO00720,train,train_temporal,N
PO00721,CUST0057,2026-05-27,easy,PO00721,train,train_temporal,N
PO00722,CUST0090,2026-07-09,exception,PO00722,train,train_temporal,N
PO00723,CUST0106,2026-05-13,hard,PO00723,train,train_temporal,N
PO00724,CUST0013,2026-04-08,exception,PO00724,test,train_temporal,N
PO00725,CUST0037,2026-04-22,hard,PO00725,test,train_temporal,N
PO00726,CUST0122,2026-07-10,exception,PO00726,train,train_temporal,N
PO00727,CUST0036,2026-08-01,exception,PO00727,train,test_temporal,Y
PO00728,CUST0077,2026-06-03,medium,PO00728,train,train_temporal,N
PO00729,CUST0088,2026-04-12,hard,PO00729,train,train_temporal,N
PO00730,CUST0133,2026-07-20,exception,PO00730,test,train_temporal,N
PO00731,CUST0133,2026-04-30,hard,PO00731,test,train_temporal,N
PO00732,CUST0060,2026-08-05,medium,PO00732,test,test_temporal,Y
PO00733,CUST0085,2026-06-11,exception,PO00733,validation,train_temporal,N
PO00734,CUST0005,2026-08-20,hard,PO00734,train,test_temporal,Y
PO00735,CUST0018,2026-05-12,exception,PO00735,train,train_temporal,N
PO00736,CUST0065,2026-07-26,medium,PO00736,train,train_temporal,N
PO00737,CUST0022,2026-04-02,medium,PO00737,train,train_temporal,N
PO00738,CUST0104,2026-05-22,easy,PO00738,train,train_temporal,N
PO00739,CUST0005,2026-06-30,hard,PO00739,train,train_temporal,N
PO00740,CUST0131,2026-06-21,exception,PO00740,test,train_temporal,N
PO00741,CUST0010,2026-04-14,exception,PO00741,train,train_temporal,N
PO00742,CUST0092,2026-07-22,exception,PO00742,train,train_temporal,N
PO00743,CUST0130,2026-06-10,medium,PO00743,train,train_temporal,N
PO00744,CUST0123,2026-04-16,hard,PO00744,train,train_temporal,N
PO00745,CUST0008,2026-05-02,easy,PO00745,validation,train_temporal,N
PO00746,CUST0125,2026-04-10,easy,PO00746,train,train_temporal,N
PO00747,CUST0125,2026-04-14,hard,PO00747,train,train_temporal,N
PO00748,CUST0089,2026-05-25,hard,PO00748,validation,train_temporal,N
PO00749,CUST0007,2026-06-24,hard,PO00749,validation,train_temporal,N
PO00750,CUST0034,2026-07-28,hard,PO00750,train,test_temporal,Y
PO00751,CUST0014,2026-06-10,hard,PO00751,train,train_temporal,N
PO00752,CUST0136,2026-06-24,hard,PO00752,train,train_temporal,N
PO00753,CUST0113,2026-06-05,easy,PO00753,validation,train_temporal,N
PO00754,CUST0110,2026-06-03,hard,PO00754,validation,train_temporal,N
PO00755,CUST0120,2026-07-01,hard,PO00755,test,train_temporal,N
PO00756,CUST0096,2026-07-25,exception,PO00756,test,train_temporal,N
PO00757,CUST0095,2026-08-11,hard,PO00757,validation,test_temporal,Y
PO00758,CUST0098,2026-07-02,medium,PO00758,test,train_temporal,N
PO00759,CUST0016,2026-04-08,exception,PO00759,train,train_temporal,N
PO00760,CUST0066,2026-05-22,exception,PO00760,validation,train_temporal,N
PO00761,CUST0150,2026-08-13,medium,PO00761,test,test_temporal,Y
PO00762,CUST0125,2026-06-07,medium,PO00762,test,train_temporal,N
PO00763,CUST0060,2026-08-09,exception,PO00763,validation,test_temporal,Y
PO00764,CUST0099,2026-06-19,hard,PO00764,train,train_temporal,N
PO00765,CUST0057,2026-05-17,hard,PO00765,train,train_temporal,N
PO00766,CUST0075,2026-04-07,hard,PO00766,validation,train_temporal,N
PO00767,CUST0131,2026-06-02,exception,PO00767,train,train_temporal,N
PO00768,CUST0100,2026-06-08,hard,PO00768,test,train_temporal,N
PO00769,CUST0126,2026-05-16,medium,PO00769,validation,train_temporal,N
PO00770,CUST0117,2026-05-21,exception,PO00770,train,train_temporal,N
PO00771,CUST0084,2026-08-19,exception,PO00771,train,test_temporal,Y
PO00772,CUST0068,2026-04-22,exception,PO00772,train,train_temporal,N
PO00773,CUST0110,2026-08-12,hard,PO00773,test,test_temporal,Y
PO00774,CUST0148,2026-05-27,exception,PO00774,test,train_temporal,N
PO00775,CUST0102,2026-06-19,hard,PO00775,test,train_temporal,N
PO00776,CUST0001,2026-04-06,exception,PO00776,train,train_temporal,N
PO00777,CUST0083,2026-06-11,medium,PO00777,train,train_temporal,N
PO00778,CUST0080,2026-05-05,hard,PO00778,train,train_temporal,N
PO00779,CUST0026,2026-06-10,hard,PO00779,train,train_temporal,N
PO00780,CUST0044,2026-08-20,hard,PO00780,train,test_temporal,Y
PO00781,CUST0001,2026-04-02,exception,PO00781,train,train_temporal,N
PO00782,CUST0008,2026-05-17,medium,PO00782,test,train_temporal,N
PO00783,CUST0020,2026-05-24,hard,PO00783,validation,train_temporal,N
PO00784,CUST0033,2026-06-20,exception,PO00784,train,train_temporal,N
PO00785,CUST0066,2026-08-03,hard,PO00785,test,test_temporal,Y
PO00786,CUST0097,2026-06-20,hard,PO00786,train,train_temporal,N
PO00787,CUST0028,2026-04-03,hard,PO00787,train,train_temporal,N
PO00788,CUST0102,2026-07-08,medium,PO00788,train,train_temporal,N
PO00789,CUST0132,2026-05-19,exception,PO00789,train,train_temporal,N
PO00790,CUST0130,2026-07-03,hard,PO00790,train,train_temporal,N
PO00791,CUST0036,2026-07-03,hard,PO00791,train,train_temporal,N
PO00792,CUST0083,2026-06-12,exception,PO00792,test,train_temporal,N
PO00793,CUST0065,2026-08-08,hard,PO00793,train,test_temporal,Y
PO00794,CUST0022,2026-05-25,hard,PO00794,train,train_temporal,N
PO00795,CUST0089,2026-04-19,hard,PO00795,train,train_temporal,N
PO00796,CUST0028,2026-05-29,exception,PO00796,train,train_temporal,N
PO00797,CUST0092,2026-08-02,easy,PO00797,validation,test_temporal,Y
PO00798,CUST0056,2026-04-23,exception,PO00798,validation,train_temporal,N
PO00799,CUST0043,2026-07-29,exception,PO00799,validation,test_temporal,Y
PO00800,CUST0088,2026-07-07,medium,PO00800,train,train_temporal,N
PO00801,CUST0150,2026-05-31,exception,PO00801,test,train_temporal,N
PO00802,CUST0038,2026-08-20,hard,PO00802,train,test_temporal,Y
PO00803,CUST0069,2026-06-14,exception,PO00803,train,train_temporal,N
PO00804,CUST0117,2026-06-11,hard,PO00804,train,train_temporal,N
PO00805,CUST0065,2026-04-10,hard,PO00805,train,train_temporal,N
PO00806,CUST0042,2026-08-10,hard,PO00806,test,test_temporal,Y
PO00807,CUST0127,2026-07-13,hard,PO00807,test,train_temporal,N
PO00808,CUST0021,2026-05-21,easy,PO00808,train,train_temporal,N
PO00809,CUST0081,2026-05-29,medium,PO00809,validation,train_temporal,N
PO00810,CUST0137,2026-05-08,exception,PO00810,train,train_temporal,N
PO00811,CUST0040,2026-06-23,exception,PO00811,train,train_temporal,N
PO00812,CUST0012,2026-08-04,exception,PO00812,test,test_temporal,Y
PO00813,CUST0032,2026-05-21,easy,PO00813,train,train_temporal,N
PO00814,CUST0010,2026-07-27,medium,PO00814,test,train_temporal,N
PO00815,CUST0039,2026-06-10,hard,PO00815,test,train_temporal,N
PO00816,CUST0042,2026-05-06,exception,PO00816,train,train_temporal,N
PO00817,CUST0076,2026-06-16,exception,PO00817,train,train_temporal,N
PO00818,CUST0129,2026-06-09,easy,PO00818,train,train_temporal,N
PO00819,CUST0114,2026-07-19,hard,PO00819,train,train_temporal,N
PO00820,CUST0038,2026-08-11,exception,PO00820,train,test_temporal,Y
PO00821,CUST0100,2026-06-26,exception,PO00821,validation,train_temporal,N
PO00822,CUST0120,2026-07-25,hard,PO00822,train,train_temporal,N
PO00823,CUST0107,2026-08-14,exception,PO00823,train,test_temporal,Y
PO00824,CUST0080,2026-06-16,hard,PO00824,validation,train_temporal,N
PO00825,CUST0112,2026-04-21,easy,PO00825,test,train_temporal,N
PO00826,CUST0097,2026-06-19,medium,PO00826,train,train_temporal,N
PO00827,CUST0046,2026-07-10,easy,PO00827,validation,train_temporal,N
PO00828,CUST0053,2026-07-29,easy,PO00828,validation,test_temporal,Y
PO00829,CUST0113,2026-04-24,hard,PO00829,train,train_temporal,N
PO00830,CUST0020,2026-04-04,exception,PO00830,validation,train_temporal,N
PO00831,CUST0089,2026-04-29,medium,PO00831,train,train_temporal,N
PO00832,CUST0130,2026-07-24,medium,PO00832,train,train_temporal,N
PO00833,CUST0049,2026-08-08,easy,PO00833,train,test_temporal,Y
PO00834,CUST0069,2026-04-29,medium,PO00834,train,train_temporal,N
PO00835,CUST0038,2026-07-21,medium,PO00835,train,train_temporal,N
PO00836,CUST0036,2026-04-16,exception,PO00836,train,train_temporal,N
PO00837,CUST0023,2026-08-06,hard,PO00837,train,test_temporal,Y
PO00838,CUST0137,2026-07-30,hard,PO00838,train,test_temporal,Y
PO00839,CUST0056,2026-05-25,hard,PO00839,test,train_temporal,N
PO00840,CUST0128,2026-06-16,easy,PO00840,train,train_temporal,N
PO00841,CUST0134,2026-08-06,exception,PO00841,train,test_temporal,Y
PO00842,CUST0014,2026-07-10,hard,PO00842,validation,train_temporal,N
PO00843,CUST0123,2026-08-07,exception,PO00843,train,test_temporal,Y
PO00844,CUST0060,2026-08-04,hard,PO00844,validation,test_temporal,Y
PO00845,CUST0078,2026-04-30,exception,PO00845,train,train_temporal,N
PO00846,CUST0143,2026-04-26,medium,PO00846,train,train_temporal,N
PO00847,CUST0111,2026-07-11,medium,PO00847,train,train_temporal,N
PO00848,CUST0008,2026-04-24,exception,PO00848,train,train_temporal,N
PO00849,CUST0025,2026-04-15,exception,PO00849,train,train_temporal,N
PO00850,CUST0068,2026-06-02,hard,PO00850,test,train_temporal,N
PO00851,CUST0118,2026-04-23,exception,PO00851,validation,train_temporal,N
PO00852,CUST0036,2026-06-07,medium,PO00852,train,train_temporal,N
PO00853,CUST0125,2026-04-05,hard,PO00853,test,train_temporal,N
PO00854,CUST0076,2026-06-21,hard,PO00854,test,train_temporal,N
PO00855,CUST0096,2026-05-22,medium,PO00855,train,train_temporal,N
PO00856,CUST0013,2026-04-03,hard,PO00856,train,train_temporal,N
PO00857,CUST0112,2026-07-24,hard,PO00857,validation,train_temporal,N
PO00858,CUST0001,2026-05-14,hard,PO00858,train,train_temporal,N
PO00859,CUST0133,2026-07-11,medium,PO00859,test,train_temporal,N
PO00860,CUST0025,2026-06-18,hard,PO00860,validation,train_temporal,N
PO00861,CUST0075,2026-04-22,hard,PO00861,train,train_temporal,N
PO00862,CUST0029,2026-06-26,easy,PO00862,test,train_temporal,N
PO00863,CUST0141,2026-06-01,medium,PO00863,train,train_temporal,N
PO00864,CUST0082,2026-04-05,medium,PO00864,train,train_temporal,N
PO00865,CUST0045,2026-05-09,exception,PO00865,test,train_temporal,N
PO00866,CUST0109,2026-06-03,hard,PO00866,train,train_temporal,N
PO00867,CUST0083,2026-05-01,exception,PO00867,train,train_temporal,N
PO00868,CUST0062,2026-07-16,exception,PO00868,validation,train_temporal,N
PO00869,CUST0001,2026-07-16,exception,PO00869,train,train_temporal,N
PO00870,CUST0116,2026-06-08,exception,PO00870,test,train_temporal,N
PO00871,CUST0073,2026-07-21,exception,PO00871,validation,train_temporal,N
PO00872,CUST0031,2026-07-08,hard,PO00872,validation,train_temporal,N
PO00873,CUST0040,2026-07-28,hard,PO00873,train,test_temporal,Y
PO00874,CUST0084,2026-06-23,medium,PO00874,validation,train_temporal,N
PO00875,CUST0145,2026-04-11,exception,PO00875,test,train_temporal,N
PO00876,CUST0091,2026-05-16,exception,PO00876,train,train_temporal,N
PO00877,CUST0145,2026-05-07,exception,PO00877,validation,train_temporal,N
PO00878,CUST0049,2026-06-18,exception,PO00878,validation,train_temporal,N
PO00879,CUST0107,2026-05-13,medium,PO00879,train,train_temporal,N
PO00880,CUST0122,2026-04-08,hard,PO00880,train,train_temporal,N
PO00881,CUST0030,2026-06-17,exception,PO00881,validation,train_temporal,N
PO00882,CUST0046,2026-07-11,exception,PO00882,test,train_temporal,N
PO00883,CUST0020,2026-04-20,medium,PO00883,validation,train_temporal,N
PO00884,CUST0126,2026-07-28,hard,PO00884,train,test_temporal,Y
PO00885,CUST0129,2026-04-19,medium,PO00885,validation,train_temporal,N
PO00886,CUST0042,2026-06-25,exception,PO00886,validation,train_temporal,N
PO00887,CUST0021,2026-05-11,easy,PO00887,train,train_temporal,N
PO00888,CUST0062,2026-06-22,medium,PO00888,validation,train_temporal,N
PO00889,CUST0020,2026-04-28,easy,PO00889,train,train_temporal,N
PO00890,CUST0051,2026-05-22,medium,PO00890,test,train_temporal,N
PO00891,CUST0089,2026-05-26,easy,PO00891,train,train_temporal,N
PO00892,CUST0109,2026-07-05,hard,PO00892,train,train_temporal,N
PO00893,CUST0010,2026-05-28,medium,PO00893,train,train_temporal,N
PO00894,CUST0039,2026-06-05,hard,PO00894,train,train_temporal,N
PO00895,CUST0071,2026-07-04,hard,PO00895,train,train_temporal,N
PO00896,CUST0089,2026-07-22,exception,PO00896,train,train_temporal,N
PO00897,CUST0150,2026-07-22,medium,PO00897,test,train_temporal,N
PO00898,CUST0052,2026-04-12,exception,PO00898,train,train_temporal,N
PO00899,CUST0135,2026-04-02,exception,PO00899,validation,train_temporal,N
PO00900,CUST0129,2026-07-03,medium,PO00900,train,train_temporal,N
PO00901,CUST0121,2026-04-17,exception,PO00901,train,train_temporal,N
PO00902,CUST0104,2026-07-14,hard,PO00902,train,train_temporal,N
PO00903,CUST0126,2026-05-25,hard,PO00903,train,train_temporal,N
PO00904,CUST0090,2026-04-17,hard,PO00904,train,train_temporal,N
PO00905,CUST0096,2026-08-16,medium,PO00905,validation,test_temporal,Y
PO00906,CUST0086,2026-05-30,easy,PO00906,test,train_temporal,N
PO00907,CUST0049,2026-06-01,hard,PO00907,train,train_temporal,N
PO00908,CUST0012,2026-08-20,exception,PO00908,train,test_temporal,Y
PO00909,CUST0096,2026-06-11,exception,PO00909,train,train_temporal,N
PO00910,CUST0095,2026-05-07,hard,PO00910,test,train_temporal,N
PO00911,CUST0114,2026-04-03,hard,PO00911,train,train_temporal,N
PO00912,CUST0122,2026-04-22,exception,PO00912,train,train_temporal,N
PO00913,CUST0081,2026-07-01,hard,PO00913,train,train_temporal,N
PO00914,CUST0120,2026-08-15,hard,PO00914,train,test_temporal,Y
PO00915,CUST0134,2026-06-29,exception,PO00915,test,train_temporal,N
PO00916,CUST0115,2026-05-17,easy,PO00916,validation,train_temporal,N
PO00917,CUST0122,2026-04-21,medium,PO00917,test,train_temporal,N
PO00918,CUST0126,2026-06-21,hard,PO00918,validation,train_temporal,N
PO00919,CUST0109,2026-07-04,medium,PO00919,train,train_temporal,N
PO00920,CUST0005,2026-08-19,hard,PO00920,train,test_temporal,Y
PO00921,CUST0130,2026-04-16,exception,PO00921,train,train_temporal,N
PO00922,CUST0053,2026-07-04,exception,PO00922,train,train_temporal,N
PO00923,CUST0104,2026-06-09,medium,PO00923,validation,train_temporal,N
PO00924,CUST0120,2026-07-23,medium,PO00924,validation,train_temporal,N
PO00925,CUST0027,2026-06-21,hard,PO00925,train,train_temporal,N
PO00926,CUST0103,2026-06-27,hard,PO00926,train,train_temporal,N
PO00927,CUST0122,2026-07-09,exception,PO00927,validation,train_temporal,N
PO00928,CUST0105,2026-06-02,hard,PO00928,train,train_temporal,N
PO00929,CUST0045,2026-07-14,exception,PO00929,train,train_temporal,N
PO00930,CUST0102,2026-05-27,hard,PO00930,train,train_temporal,N
PO00931,CUST0072,2026-05-03,exception,PO00931,train,train_temporal,N
PO00932,CUST0075,2026-07-06,medium,PO00932,train,train_temporal,N
PO00933,CUST0027,2026-04-22,hard,PO00933,test,train_temporal,N
PO00934,CUST0034,2026-05-25,exception,PO00934,validation,train_temporal,N
PO00935,CUST0019,2026-06-04,exception,PO00935,train,train_temporal,N
PO00936,CUST0062,2026-05-28,medium,PO00936,validation,train_temporal,N
PO00937,CUST0018,2026-08-14,exception,PO00937,train,test_temporal,Y
PO00938,CUST0030,2026-06-09,medium,PO00938,train,train_temporal,N
PO00939,CUST0023,2026-04-24,hard,PO00939,test,train_temporal,N
PO00940,CUST0039,2026-07-04,hard,PO00940,train,train_temporal,N
PO00941,CUST0124,2026-07-28,medium,PO00941,train,test_temporal,Y
PO00942,CUST0135,2026-07-31,hard,PO00942,train,test_temporal,Y
PO00943,CUST0057,2026-04-23,exception,PO00943,train,train_temporal,N
PO00944,CUST0104,2026-05-29,exception,PO00944,test,train_temporal,N
PO00945,CUST0124,2026-04-29,hard,PO00945,train,train_temporal,N
PO00946,CUST0076,2026-06-01,hard,PO00946,train,train_temporal,N
PO00947,CUST0071,2026-06-11,medium,PO00947,train,train_temporal,N
PO00948,CUST0069,2026-08-05,exception,PO00948,train,test_temporal,Y
PO00949,CUST0051,2026-06-25,hard,PO00949,train,train_temporal,N
PO00950,CUST0099,2026-06-17,exception,PO00950,validation,train_temporal,N
PO00951,CUST0010,2026-07-10,exception,PO00951,train,train_temporal,N
PO00952,CUST0008,2026-04-03,hard,PO00952,validation,train_temporal,N
PO00953,CUST0014,2026-05-03,exception,PO00953,train,train_temporal,N
PO00954,CUST0006,2026-05-27,hard,PO00954,train,train_temporal,N
PO00955,CUST0105,2026-06-23,exception,PO00955,test,train_temporal,N
PO00956,CUST0133,2026-08-20,easy,PO00956,validation,test_temporal,Y
PO00957,CUST0095,2026-06-02,hard,PO00957,train,train_temporal,N
PO00958,CUST0104,2026-04-19,hard,PO00958,validation,train_temporal,N
PO00959,CUST0094,2026-08-04,hard,PO00959,validation,test_temporal,Y
PO00960,CUST0015,2026-08-12,exception,PO00960,test,test_temporal,Y
PO00961,CUST0109,2026-04-25,exception,PO00961,train,train_temporal,N
PO00962,CUST0002,2026-07-18,hard,PO00962,train,train_temporal,N
PO00963,CUST0047,2026-06-02,exception,PO00963,test,train_temporal,N
PO00964,CUST0010,2026-06-02,hard,PO00964,train,train_temporal,N
PO00965,CUST0014,2026-05-06,hard,PO00965,train,train_temporal,N
PO00966,CUST0059,2026-06-12,hard,PO00966,train,train_temporal,N
PO00967,CUST0121,2026-05-26,hard,PO00967,train,train_temporal,N
PO00968,CUST0067,2026-08-16,hard,PO00968,train,test_temporal,Y
PO00969,CUST0013,2026-05-30,hard,PO00969,train,train_temporal,N
PO00970,CUST0047,2026-06-07,hard,PO00970,train,train_temporal,N
PO00971,CUST0139,2026-06-11,exception,PO00971,validation,train_temporal,N
PO00972,CUST0013,2026-08-16,medium,PO00972,test,test_temporal,Y
PO00973,CUST0120,2026-04-25,hard,PO00973,test,train_temporal,N
PO00974,CUST0044,2026-06-13,easy,PO00974,train,train_temporal,N
PO00975,CUST0092,2026-08-05,hard,PO00975,test,test_temporal,Y
PO00976,CUST0045,2026-05-04,exception,PO00976,train,train_temporal,N
PO00977,CUST0063,2026-04-16,exception,PO00977,train,train_temporal,N
PO00978,CUST0099,2026-05-14,exception,PO00978,test,train_temporal,N
PO00979,CUST0078,2026-07-22,hard,PO00979,train,train_temporal,N
PO00980,CUST0143,2026-08-12,exception,PO00980,test,test_temporal,Y
PO00981,CUST0079,2026-08-09,hard,PO00981,train,test_temporal,Y
PO00982,CUST0036,2026-06-10,medium,PO00982,train,train_temporal,N
PO00983,CUST0051,2026-04-28,hard,PO00983,train,train_temporal,N
PO00984,CUST0052,2026-04-10,exception,PO00984,train,train_temporal,N
PO00985,CUST0016,2026-08-01,medium,PO00985,train,test_temporal,Y
PO00986,CUST0066,2026-08-02,medium,PO00986,test,test_temporal,Y
PO00987,CUST0094,2026-05-17,medium,PO00987,test,train_temporal,N
PO00988,CUST0096,2026-07-23,exception,PO00988,train,train_temporal,N
PO00989,CUST0130,2026-04-19,exception,PO00460,train,train_temporal,N
PO00990,CUST0084,2026-06-28,exception,PO00470,train,train_temporal,N
PO00991,CUST0028,2026-07-30,exception,PO00267,train,test_temporal,Y
PO00992,CUST0116,2026-05-06,exception,PO00475,train,train_temporal,N
PO00993,CUST0021,2026-05-18,exception,PO00887,train,train_temporal,N
PO00994,CUST0070,2026-06-02,exception,PO00108,train,train_temporal,N
PO00995,CUST0025,2026-05-23,exception,PO00163,test,train_temporal,N
PO00996,CUST0009,2026-04-07,exception,PO00683,train,train_temporal,N
PO00997,CUST0130,2026-07-23,exception,PO00677,train,train_temporal,N
PO00998,CUST0102,2026-05-11,exception,PO00045,train,train_temporal,N
PO00999,CUST0043,2026-08-16,exception,PO00191,test,test_temporal,Y
PO01000,CUST0136,2026-04-23,exception,PO00016,validation,train_temporal,N
